id;title;alias;main_img;content;created_at;created_by
1;mobile Fish;Home Loan Account Table Computer;Trace;Savings Account alarm;2020-07-26T12:39:34;5641
2;transmitter Implementation Electronics;Soap methodology Albania;Home Namibia;Steel zero administration;2020-07-26T04:21:39;23277
3;Licensed Savings Account;Cambridgeshire Mississippi;HDD;Table Small Frozen Sausages Planner;2020-07-25T17:45:07;38541
4;Music;Nakfa;Bahamian Dollar Investment Account;Games Regional Digitized;2020-07-25T21:15:11;75536
5;convergence;Mayotte;Industrial;connect Markets Chief;2020-07-25T22:48:14;72727
6;archive Georgia Aruba;software scale interactive;Louisiana Specialist Home Loan Account;Plastic;2020-07-25T17:54:03;16526
7;Industrial;index orange;Jewelery;monitor;2020-07-25T19:39:27;79017
8;Checking Account Identity deposit;IB Investment Account archive;envisioneer;moratorium pixel withdrawal;2020-07-25T15:51:38;56124
9;embrace Developer;synthesize Idaho compress;Sleek Metal Table Small;Intelligent Outdoors;2020-07-25T21:52:47;47537
10;Montana;Corporate Phased relationships;white Brand Money Market Account;Salad Web virtual;2020-07-25T21:57:07;10549
